{"cameraMode":{"drawMode":0,"name":"Shaded","section":"Shading Mode"},"sceneLighting":true,"audioPlay":false,"sceneViewState":{"m_AlwaysRefresh":false,"showFog":true,"showSkybox":true,"showFlares":true,"showImageEffects":true,"showParticleSystems":true,"showVisualEffectGraphs":true,"m_FxEnabled":false},"in2DMode":false,"pivot":{"x":384.14434814453127,"y":-5.049025535583496,"z":-26.404375076293947},"rotation":{"x":-0.16120502352714539,"y":0.06862562894821167,"z":-0.011236480437219143,"w":-0.9844573140144348},"size":28.872337341308595,"orthographic":false}